"Firmicutes","Actinobacteria","Proteobacteria","Bacteroidetes","Other"
"sdatamean",0.928693848392438,0.0414907046368751,0.0179617705913376,0.00981704794033634,0.00203662843901282
"sdatasd",0.0799496043001454,0.0479506967358471,0.0194213361525004,0.0108420882304755,0.00217064757878257
