"Proteobacteria","Firmicutes","Bacteroidetes","Actinobacteria","Fusobacteria","Cyanobacteria","OD1","TM7","Deinococcus.Thermus","Nitrospira","Planctomycetes","Chloroflexi","BRC1"
"PercentMean",0.7539,0.698750202889141,0.456627155172413,0.466038671294,0.812441968430824,0.668316831683158,0.499999999999977,0.671641791044715,0.681818181817992,0.714285714285091,0.499999999998472,0.999999999993888,0
