"ProteoS1","FirmS1","BactS1","ActinoS1","FusoS1","CyanS1","OD1S1","TM7S1","DTS1","NitrS1","PlantS1","ChloS1"
"1",0.7,0.180044104081978,0.0345417194179646,0.0193401080782872,0.0183586371502796,0.00270646704508063,0.000671103613506423,0.00045072396169454,0.000150234672157843,5.00740504153876e-05,1.0015693061481e-05,1.00154587773365e-05
