"Proteobacteria","Firmicutes","Bacteroidetes","Actinobacteria","Fusobacteria","Cyanobacteria","OD1","TM7","Deinococcus.Thermus","Nitrospira","Planctomycetes","Chloroflexi","BRC1"
"Pmean",0.5113,0.506422318579727,0.800182330515498,0.761094981335545,0.850694444444442,0.52325581395348,0.560975609756078,0.638888888888839,0.615384615384482,0.199999999999887,0.499999999999647,0.499999999999295,0.999999999997178
