"Proteobacteria","Firmicutes","Bacteroidetes","Actinobacteria","Fusobacteria","Cyanobacteria","OD1","TM7","Deinococcus.Thermus","Nitrospira","Planctomycetes","Chloroflexi"
"1",0.65,0.20535388823627,0.0689454026137574,0.0546938919828098,0.0172112223283872,0.00253731285476309,0.000629159637662272,0.000422553714088631,0.000140845005147977,4.69444222644258e-05,9.38971224513843e-06,9.38949260375295e-06
