"Proteobacteria","Firmicutes","Bacteroidetes","Actinobacteria","Fusobacteria","Cyanobacteria","OD1","TM7","Deinococcus.Thermus","Nitrospira","Planctomycetes","Chloroflexi"
"1",0.7,0.188687221569604,0.0522787359470908,0.0380272253161432,0.0172112223283872,0.00253731285476309,0.000629159637662272,0.000422553714088631,0.000140845005147977,4.69444222644258e-05,9.38971224513843e-06,9.38949260375295e-06
