"Mean","SD","Min","Max"
"Firmicutes",58.442821,17.9367119907505,31.8592731,98.2012125
"Actinobacteria",24.1671045272727,17.3400303385568,1.5321151,64.2499627
"Proteobacteria",11.9154457272727,8.85041706732229,0.1336937,32.8162068
"Bacteroidetes",3.67903399090909,2.16183480143295,0.1329787,6.6383433
"Other",1.79559471818182,1.43628379572553,0,4.5000685
