"Mean","SD","Min","Max"
"Firmicutes",42.5341390772727,19.8567229565984,10.6318818,87.5177396
"Actinobacteria",23.4863800545455,19.4984616386167,4.4579712,79.3227096
"Proteobacteria",22.2856944954545,12.5276634994044,4.3140864,53.4578147
"Bacteroidetes",9.11343870909091,6.78467495441068,0.2343825,24.6292114
"Other",2.58034767272727,2.47546926843497,0.3770739,10.4628983
