"Mean","SD","Min","Max"
"Firmicutes",51.21933696,26.6681302710069,10.5042967,84.3914137
"Actinobacteria",31.69619806,14.0700382792195,11.386706,44.7089761
"Proteobacteria",14.82930946,16.6184725858983,3.2042029,43.9866782
"Bacteroidetes",1.51435462,1.26660058293038,0.5638253,3.7380128
"Other",0.7408009,0.3646023024693,0.2713704,1.1252117
