"Mean","SD","Min","Max"
"Firmicutes",93.3531152714286,8.50605404170634,74.2573249,97.7010496
"Actinobacteria",3.87627624285714,5.29367765090645,0.5407323,15.5656287
"Proteobacteria",1.65195522857143,2.64677448502306,0.3396016,7.6156222
"Bacteroidetes",0.920678157142857,0.751874280722495,0.069541,2.3495598
"Other",0.197975128571429,0.145811080191741,0,0.4191002
