"Mean","SD","Min","Max"
"Firmicutes",48.8545640818182,15.8510888328065,22.0660079,75.7670251
"Actinobacteria",26.9227199818182,14.6866881545905,4.8011787,52.1298151
"Proteobacteria",16.5719449909091,7.08970038175954,8.3973705,26.8395205
"Bacteroidetes",5.40172838181818,3.26703059682901,1.4163784,11.7062533
"Other",2.24904256363636,2.01406129301334,0.2085757,5.9259755
