"Firmicutes","Actinobacteria","Proteobacteria","Bacteroidetes","Other"
"BaselineMean",0.58442821,0.241671045272727,0.119154457272727,0.0367903399090909,0.0179559471818182
"BaselineSimMean",0.587511853584003,0.229228210129771,0.121390259459573,0.0420773004475658,0.0197923763790869
"BaselineSD",0.179367119907505,0.173400303385568,0.0885041706732229,0.0216183480143295,0.0143628379572553
"BaselineSimSD",0.186783828259938,0.122756973894059,0.0874107887767497,0.0363468710006312,0.0167663850419843
