"Firmicutes","Actinobacteria","Proteobacteria","Bacteroidetes","Other"
"ControlMean",0.425341390772727,0.234863800545455,0.222856944954545,0.0911343870909091,0.0258034767272727
"ControlSimMean",0.39800892019102,0.226091934349094,0.242448042391966,0.104235656432633,0.0292154466352871
"ControlSD",0.198567229565984,0.194984616386167,0.125276634994044,0.0678467495441068,0.0247546926843497
"ControlSimSD",0.199394695561178,0.129166552821382,0.123737840691316,0.058319272083938,0.0207246410880544
