"Firmicutes","Actinobacteria","Proteobacteria","Bacteroidetes","Other"
"FlareNoTreatmentMean",0.933531152714286,0.0387627624285714,0.0165195522857143,0.00920678157142857,0.00197975128571429
"FlareNoTreatmentSimMean",0.937711822054353,0.0373643783592909,0.0147879417787868,0.00835622454993785,0.00177963325763196
"FlareNoTreatmentSD",0.0850605404170634,0.0529367765090645,0.0264677448502306,0.00751874280722495,0.00145811080191741
"FlareNoTreatmentSimSD",0.0804033895660522,0.0487117592388686,0.0188996524631336,0.0108921624769157,0.00230730138890321
